종목명,종목코드
3S,060310
AJ네트웍스,095570
AJ렌터카,068400
AK홀딩스,006840
APS홀딩스,054620
AP시스템,265520
AP위성,211270
BGF,027410
BGF리테일,282330
BNK금융지주,138930
BYC,001460
BYC우,001465
CJ,001040
CJ CGV,079160
CJ ENM,035760
CJ대한통운,000120
CJ씨푸드,011150
CJ씨푸드1우,011155
CJ우,001045
CJ제일제당,097950
CJ제일제당 우,097955
CJ프레시웨이,051500
CJ헬로,037560
CMG제약,058820
CNH,023460
CS,065770
CSA 코스믹,083660
CS홀딩스,000590
DB,012030
DB금융투자,016610
DB라이텍,045890
DB손해보험,005830
DB하이텍,000990
DB하이텍1우,000995
DGB금융지주,139130
DMS,068790
DRB동일,004840
DSC인베스트먼트,241520
DSR,155660
DSR제강,069730
E1,017940
EDGC,245620
EG,037370
EMW,079190
F&F,007700
GH신소재,130500
GKL,114090
GMR 머티리얼즈,032860
GRT,900290
GS,078930
GST,083450
GS건설,006360
GS글로벌,001250
GS리테일,007070
GS우,078935
GS홈쇼핑,028150
HB테크놀러지,078150
HDC,012630
HDC아이콘트롤스,039570
HDC현대EP,089470
HDC현대산업개발,294870
HRS,036640
HSD엔진,082740
IBKS제10호스팩,299170
IBKS제5호스팩,254120
IBKS제6호스팩,264850
IBKS제7호스팩,276920
IBKS제9호스팩,297570
IHQ,003560
ISC,095340
ITX엠투엠,099520
JB금융지주,175330
JTC,950170
JW생명과학,234080
JW신약,067290
JW중외제약,001060
JW중외제약2우B,001067
JW중외제약우,001065
JW홀딩스,096760
JYP Ent.,035900
KB금융,105560
KB오토시스,024120
KCC,002380
KCC건설,021320
KCI,036670
KCTC,009070
KC그린홀딩스,009440
KC산업,112190
KC코트렐,119650
KD건설,044180
KEC,092220
KG ETS,151860
KG모빌리언스,046440
KG이니시스,035600
KG케미칼,001390
KH바텍,060720
KISCO홀딩스,001940
KJ프리텍,083470
KMH,122450
KMH하이텍,052900
KNN,058400
KPX생명과학,114450
KPX케미칼,025000
KPX홀딩스,092230
KR모터스,000040
KSS해운,044450
KT,030200
KT&G,033780
KTB투자증권,030210
KTH,036030
KTcs,058850
KT서브마린,060370
LF,093050
LG,003550
LG디스플레이,034220
LG상사,001120
LG생활건강,051900
LG생활건강우,051905
LG우,003555
LG유플러스,032640
LG이노텍,011070
LG전자,066570
LG전자우,066575
LG하우시스,108670
LG하우시스우,108675
LG화학,051910
LG화학우,051915
LIG넥스원,079550
LS,006260
LS네트웍스,000680
LS산전,010120
LS전선아시아,229640
MH에탄올,023150
MP그룹,065150
MP한강,219550
NAVER,035420
NEW,160550
NE능률,053290
NHN벅스,104200
NHN엔터테인먼트,181710
NHN한국사이버결제,060250
NH투자증권,005940
NH투자증권우,005945
NICE,034310
NICE평가정보,030190
NI스틸,008260
NPC,004250
NPC우,004255
OCI,010060
PN풍년,024940
POSCO,005490
RFHIC,218410
S&K폴리텍,091340
S&TC,100840
S&T모티브,064960
S&T중공업,003570
S&T홀딩스,036530
S-Oil,010950
S-Oil우,010955
SBI인베스트먼트,019550
SBI핀테크솔루션즈,950110
SBS,034120
SBS미디어홀딩스,101060
SBS콘텐츠허브,046140
SCI평가정보,036120
SDN,099220
SFA반도체,036540
SG,255220
SG&G,040610
SGA,049470
SGA솔루션즈,184230
SGA임베디드,224880
SG세계물산,004060
SG충방,001380
SH에너지화학,002360
SIMPAC,009160
SJM,123700
SJM홀딩스,025530
SK,034730
SK3호스팩,232330
SKC,011790
SKC 솔믹스,057500
SKC코오롱PI,178920
SK가스,018670
SK네트웍스,001740
SK네트웍스우,001745
SK디스커버리,006120
SK디스커버리우,006125
SK디앤디,210980
SK머티리얼즈,036490
SK바이오랜드,052260
SK우,03473K
SK이노베이션,096770
SK이노베이션우,096775
SK증권,001510
SK증권우,001515
SK케미칼,285130
SK케미칼우,28513K
SK텔레콤,017670
SK하이닉스,000660
SM C&C,048550
SM Life Design,063440
SPC삼립,005610
STC,123260
STX,011810
STX엔진,077970
STX중공업,071970
SV인베스트먼트,289080
TBH글로벌,084870
TCC동양,002710
THE E&M,089230
TJ미디어,032540
TPC,048770
TS트릴리온,284610
UCI,038340
WISCOM,024070
W홀딩컴퍼니,052300
YG PLUS,037270
YTN,040300
YW,051390
iMBC,052220
가비아,079940
가온미디어,078890
가온전선,000500
감마누,192410
갑을메탈,024840
강남제비스코,000860
강스템바이오텍,217730
강원랜드,035250
갤럭시아에스엠,011420
갤럭시아컴즈,094480
게임빌,063080
경남스틸,039240
경남제약,053950
경농,002100
경동나비엔,009450
경동도시가스,267290
경동인베스트,012320
경동제약,011040
경방,000050
경보제약,214390
경인양행,012610
경인전자,009140
경창산업,024910
계룡건설,013580
계양전기,012200
계양전기우,012205
고려개발,004200
고려산업,002140
고려시멘트,198440
고려신용정보,049720
고려아연,010130
고려제강,002240
고려제약,014570
고영,098460
골드퍼시픽,038530
골든브릿지제4호스팩,227950
골든브릿지증권,001290
골든센츄리,900280
골프존,215000
골프존뉴딘홀딩스,121440
골프존데카,183410
관악산업,076340
광동제약,009290
광림,014200
광명전기,017040
광전자,017900
광주신세계,037710
광진실업,026910
광진윈텍,090150
교보7호스팩,267320
교보비엔케이스팩,242040
교보증권,030610
구름게임즈앤컴퍼니,223220
구영테크,053270
국도화학,007690
국동,005320
국보,001140
국보디자인,066620
국순당,043650
국영지앤엠,006050
국일신동,060480
국일제지,078130
국제약품,002720
굿센,243870
그랜드백화점,019010
그린케미칼,083420
그린플러스,186230
극동유화,014530
극동자동화,272420
글로벌에스엠,900070
글로벌텍스프리,204620
글로본,019660
금강공업,014280
금강공업우,014285
금강철강,053260
금비,008870
금양,001570
금호산업,002990
금호산업우,002995
금호석유,011780
금호석유우,011785
금호에이치티,214330
금호전기,001210
금호타이어,073240
금화피에스시,036190
기가레인,049080
기산텔레콤,035460
기신정기,092440
기아차,000270
기업은행,024110
까뮤이앤씨,013700
깨끗한나라,004540
깨끗한나라우,004545
나노,187790
나노메딕스,074610
나노스,151910
나노신소재,121600
나노엔텍,039860
나노캠텍,091970
나눔테크,244880
나라엠앤디,051490
나무가,190510
나무기술,167380
나스미디어,089600
나우아이비캐피탈,293580
나이벡,138610
나이스디앤비,130580
나이스정보통신,036800
남광토건,001260
남선알미늄,008350
남선알미우,008355
남성,004270
남양유업,003920
남양유업우,003925
남영비비안,002070
남해화학,025860
남화토건,091590
내츄럴엔도텍,168330
네오디안테크놀로지,072770
네오오토,212560
네오위즈,095660
네오위즈홀딩스,042420
네오티스,085910
네오팜,092730
네이블,153460
네이처셀,007390
네추럴FNP,086220
네패스,033640
네패스신소재,087730
넥센,005720
넥센우,005725
넥센타이어,002350
넥센타이어1우B,002355
넥스턴,089140
넥스트BT,065170
넥스트리밍,139670
넥스트사이언스,003580
넥스트아이,137940
넥스트칩,092600
넥슨지티,041140
넵튠,217270
넷게임즈,225570
넷마블,251270
노루페인트,090350
노루페인트우,090355
노루홀딩스,000320
노루홀딩스우,000325
노브메타파마,229500
녹십자,006280
녹십자랩셀,144510
녹십자셀,031390
녹십자엠에스,142280
녹십자홀딩스,005250
녹십자홀딩스2우,005257
녹원씨엔아이,065560
농심,004370
농심홀딩스,072710
농우바이오,054050
누리텔레콤,040160
누리플랜,069140
뉴로스,126870
뉴보텍,060260
뉴인텍,012340
뉴트리바이오텍,222040
뉴파워프라즈마,144960
뉴프라이드,900100
뉴프렉스,085670
다나와,119860
다날,064260
다믈멀티미디어,093640
다산네트웍스,039560
다스코,058730
다우기술,023590
다우데이타,032190
다원시스,068240
다이노나,086080
다이오진,271850
대교,019680
대교우B,019685
대구백화점,006370
대덕GDS,004130
대덕GDS우,004135
대덕전자,008060
대동고려삼,178600
대동공업,000490
대동금속,020400
대동기어,008830
대동스틸,048470
대동전자,008110
대륙제관,004780
대림B&Co,005750
대림산업,000210
대림산업우,000215
대림씨엔에스,004440
대림제지,017650
대림통상,006570
대명코퍼레이션,007720
대봉엘에스,078140
대상,001680
대상우,001685
대상홀딩스,084690
대상홀딩스우,084695
대성미생물,036480
대성산업,128820
대성에너지,117580
대성엘텍,025440
대성창투,027830
대성파인텍,104040
대성홀딩스,016710
대신밸런스제3호스팩,253590
대신밸런스제4호스팩,262830
대신밸런스제5호스팩,303030
대신정보통신,020180
대신증권,003540
대신증권2우B,003547
대신증권우,003545
대아티아이,045390
대양금속,009190
대양전기공업,108380
대양제지,006580
대영포장,014160
대우건설,047040
대우부품,009320
대우조선해양,042660
대웅,003090
대웅제약,069620
대원,007680
대원강업,000430
대원미디어,048910
대원산업,005710
대원전선,006340
대원전선우,006345
대원제약,003220
대원화성,024890
대유,290380
대유에이텍,002880
대유위니아,071460
대유플러스,000300
대정화금,120240
대주산업,003310
대주이엔티,114920
대주전자재료,078600
대진디엠피,065690
대창,012800
대창단조,015230
대창솔루션,096350
대창스틸,140520
대한과학,131220
대한광통신,010170
대한뉴팜,054670
대한방직,001070
대한약품,023910
대한유화,006650
대한전선,001440
대한제강,084010
대한제당,001790
대한제당3우B,001799
대한제당우,001795
대한제분,001130
대한항공,003490
대한항공우,003495
대한해운,005880
대한화섬,003830
대현,016090
대호에이엘,069460
대호피앤씨,021040
대호피앤씨우,021045
대화제약,067080
더블유게임즈,192080
더블유에프엠,035290
더존비즈온,012510
더콘텐츠온,302920
덕산네오룩스,213420
덕산하이메탈,077360
덕성,004830
덕성우,004835
덕신하우징,090410
덕양산업,024900
덕우전자,263600
데브시스터즈,194480
데이타솔루션,263800
데이터스트림즈,199150
데일리블록체인,139050
데코앤이,017680
덱스터,206560
덴티움,145720
도이치모터스,067990
도화엔지니어링,002150
동구바이오제약,006620
동국S&C,100130
동국산업,005160
동국실업,001620
동국알앤에스,075970
동국제강,001230
동국제약,086450
동남합성,023450
동방,004140
동방선기,099410
동방아그로,007590
동부건설,005960
동부건설우,005965
동부스팩5호,281740
동부제철,016380
동부제철우,016385
동북아12호,083370
동북아13호,083380
동서,026960
동성제약,002210
동성코퍼레이션,102260
동성화인텍,033500
동성화학,005190
동신건설,025950
동아쏘시오홀딩스,000640
동아에스티,170900
동아엘텍,088130
동아지질,028100
동아타이어,282690
동아화성,041930
동양,001520
동양2우B,001527
동양3우B,001529
동양고속,084670
동양네트웍스,030790
동양물산,002900
동양생명,082640
동양에스텍,060380
동양우,001525
동양이엔피,079960
동양철관,008970
동양파일,228340
동양피스톤,092780
동양피엔에프,104460
동우팜투테이블,088910
동운아나텍,094170
동원F&B,049770
동원개발,013120
동원금속,018500
동원산업,006040
동원수산,030720
동원시스템즈,014820
동원시스템즈우,014825
동일고무벨트,163560
동일금속,109860
동일기연,032960
동일방직,001530
동일산업,004890
동일제강,002690
동일철강,023790
동진쎄미켐,005290
동화기업,025900
동화약품,000020
두산,000150
두산2우B,000157
두산건설,011160
두산밥캣,241560
두산우,000155
두산인프라코어,042670
두산중공업,034020
두올,016740
두올산업,078590
두원석재,270020
듀오백,073190
듀켐바이오,176750
드래곤플라이,030350
드림시큐리티,203650
드림티엔터테인먼트,220110
디딤,217620
디바이스이엔지,187870
디스플레이텍,066670
디씨엠,024090
디아이,003160
디아이씨,092200
디아이티,110990
디알텍,214680
디앤씨미디어,263720
디에스케이,109740
디에스티,033430
디에스티로봇,090710
디에이치피코리아,131030
디에이테크놀로지,196490
디에이피,066900
디엔에이링크,127120
디엔에프,092070
디엠씨,101000
디엠티,134580
디오,039840
디와이,013570
디와이파워,210540
디이엔티,079810
디젠스,113810
디지아이,043360
디지캡,197140
디지탈옵틱,106520
디지털대성,068930
디지틀조선,033130
디케이디앤아이,033310
디케이락,105740
디티알오토모티브,007340
디티앤씨,187220
디피씨,026890
디피코,163430
딜리,131180
라온시큐어,042510
라온테크,232680
라이브플렉스,050120
라이온켐텍,171120
라이트론,069540
라이프사이언스테크놀로지,285770
락앤락,115390
래몽래인,200350
램테크놀러지,171010
랩지노믹스,084650
러셀,217500
럭스피아,092590
레고켐바이오,141080
레드로버,060300
레드캡투어,038390
레이언스,228850
로고스바이오,238120
로보로보,215100
로보스타,090360
로보쓰리,238500
로보티즈,108490
로스웰,900260
로지시스,067730
로체시스템즈,071280
롯데관광개발,032350
롯데손해보험,000400
롯데쇼핑,023530
롯데정밀화학,004000
롯데정보통신,286940
롯데제과,280360
롯데지주,004990
롯데지주우,00499K
롯데칠성,005300
롯데칠성우,005305
롯데케미칼,011170
롯데푸드,002270
롯데하이마트,071840
루멘스,038060
루미마이크로,082800
루켄테크놀러지스,162120
루트로닉,085370
루트로닉3우C,08537M
룽투코리아,060240
리노공업,058470
리노스,039980
리더스코스메틱,016100
리드,197210
리드코프,012700
리메드,302550
리켐,131100
린드먼아시아,277070
링네트,042500
링크제니시스,219420
마니커,027740
마이크로컨텍솔,098120
마이크로프랜드,147760
마제스타,035480
마크로젠,038290
만도,204320
만호제강,001080
매일유업,267980
매일홀딩스,005990
매직마이크로,127160
매커스,093520
맥스로텍,141070
맥쿼리인프라,088980
맵스리얼티1,094800
멀티캠퍼스,067280
메가스터디,072870
메가스터디교육,215200
메가엠디,133750
메디쎄이,200580
메디아나,041920
메디안디노스틱,233250
메디젠휴먼케어,236340
메디톡스,086900
메디포스트,078160
메디프론,065650
메디플란트,015540
메리츠금융지주,138040
메리츠종금증권,008560
메리츠화재,000060
메이슨캐피탈,021880
메지온,140410
메카로,241770
메타랩스,090370
메타바이오메드,059210
멕아이씨에스,058110
멜파스,096640
명문제약,017180
명성티엔에스,257370
명진홀딩스,267060
모나리자,012690
모나미,005360
모다,149940
모다이노칩,080420
모두투어,080160
모두투어리츠,204210
모바일리더,100030
모바일어플라이언스,087260
모베이스,101330
모비스,250060
모아텍,033200
모토닉,009680
모트렉스,118990
모헨즈,006920
무림P&P,009580
무림SP,001810
무림페이퍼,009200
무학,033920
문배철강,008420
미동앤씨네마,161570
미디어젠,279600
미래SCI,028040
미래나노텍,095500
미래산업,025560
미래생명자원,218150
미래아이앤지,007120
미래에셋대우,006800
미래에셋대우2우B,00680K
미래에셋대우스팩1호,265480
미래에셋대우우,006805
미래에셋생명,085620
미래에셋제5호스팩,239340
미래컴퍼니,049950
미래테크놀로지,213090
미스터블루,207760
미애부,225850
미원상사,002840
미원에스씨,268280
미원홀딩스,107590
미원화학,134380
미창석유,003650
미코,059090
미코바이오메드,214610
미투온,201490
민앤지,214180
바다로19호,155900
바디텍메드,206640
바른손,018700
바른손이앤에이,035620
바른전자,064520
바른테크놀로지,029480
바이넥스,053030
바이로메드,084990
바이오니아,064550
바이오닉스진,222810
바이오로그디바이스,208710
바이오리더스,142760
바이오빌,065940
바이오솔루션,086820
바이오스마트,038460
바이오시네틱스,281310
바이오제네틱스,044480
바이오코아,216400
바이오톡스텍,086040
바이오프로테크,199290
바이온,032980
바이옵트로,222160
바텍,043150
방림,003610
배럴,267790
백광산업,001340
백광소재,014580
백금T&A,046310
백산,035150
버추얼텍,036620
범양건영,002410
베셀,177350
베트남개발1,096300
벽산,007210
보광산업,225530
보라티알,250000
보락,002760
보령메디앙스,014100
보령제약,003850
보성파워텍,006910
보해양조,000890
본느,242420
볼빅,206950
부광약품,003000
부국증권,001270
부국증권우,001275
부국철강,026940
부방,014470
부산가스,015350
부산산업,011390
부산주공,005030
부스타,008470
뷰웍스,100120
브레인콘텐츠,066980
브리지텍,064480
브이원텍,251630
블루콤,033560
비나텍,126340
비덴트,121800
비디아이,148140
비상교육,100220
비씨월드제약,200780
비아트론,141000
비에이치,090460
비에이치아이,083650
비엔디생활건강,215050
비엠티,086670
비즈니스온,138580
비츠로셀,082920
비츠로시스,054220
비츠로테크,042370
비트컴퓨터,032850
비플라이소프트,148780
빅솔론,093190
빅텍,065450
빅텐츠,210120
빙그레,005180
빛샘전자,072950
뿌리깊은나무들,266170
사람인에이치알,143240
사조대림,003960
사조동아원,008040
사조산업,007160
사조씨푸드,014710
사조오양,006090
사조해표,079660
삼강엠앤티,100090
삼광글라스,005090
삼기오토모티브,122350
삼륭물산,014970
삼목에스폼,018310
삼보모터스,053700
삼보산업,009620
삼보판지,023600
삼본정밀전자,111870
삼부토건,001470
삼성SDI,006400
삼성SDI우,006405
삼성공조,006660
삼성물산,028260
삼성물산우B,02826K
삼성바이오로직스,207940
삼성생명,032830
삼성스팩2호,291230
삼성에스디에스,018260
삼성엔지니어링,028050
삼성전기,009150
삼성전기우,009155
삼성전자,005930
삼성전자우,005935
삼성제약,001360
삼성중공업,010140
삼성중공우,010145
삼성증권,016360
삼성출판사,068290
삼성카드,029780
삼성화재,000810
삼성화재우,000815
삼아알미늄,006110
삼아제약,009300
삼양사,145990
삼양사우,145995
삼양식품,003230
삼양옵틱스,225190
삼양통상,002170
삼양패키징,272550
삼양홀딩스,000070
삼양홀딩스우,000075
삼영무역,002810
삼영엠텍,054540
삼영이엔씨,065570
삼영전자,005680
삼영화학,003720
삼우엠스,082660
삼원강재,023000
삼원테크,073640
삼익THK,004380
삼익악기,002450
삼일,032280
삼일기업공사,002290
삼일제약,000520
삼정펄프,009770
삼지전자,037460
삼진,032750
삼진엘앤디,054090
삼진제약,005500
삼천당제약,000250
삼천리,004690
삼천리자전거,024950
삼표시멘트,038500
삼현철강,017480
삼호,001880
삼호개발,010960
삼화네트웍스,046390
삼화왕관,004450
삼화전기,009470
삼화전자,011230
삼화콘덴서,001820
삼화페인트,000390
상보,027580
상상인,038540
상신브레이크,041650
상신이디피,091580
상신전자,263810
상아프론테크,089980
상지카일룸,042940
새로닉스,042600
새론오토모티브,075180
샘코,263540
샘표,007540
샘표식품,248170
서린바이오,038070
서부T&D,006730
서산,079650
서암기계공업,100660
서연,007860
서연이화,200880
서연전자,012860
서연탑메탈,019770
서울가스,017390
서울리거,043710
서울반도체,046890
서울식품,004410
서울식품우,004415
서울옥션,063170
서울전자통신,027040
서울제약,018680
서원,021050
서원인텍,093920
서전기전,189860
서진시스템,178320
서진오토모티브,122690
서플러스글로벌,140070
서한,011370
서호전기,065710
서흥,008490
서희건설,035890
선광,003100
선데이토즈,123420
선도전기,007610
선바이오,067370
선익시스템,171090
선진,136490
선창산업,002820
성광벤드,014620
성도이엔지,037350
성문전자,014910
성문전자우,014915
성보화학,003080
성신양회,004980
성신양회2우B,004987
성신양회3우B,004989
성신양회우,004985
성안,011300
성우전자,081580
성우테크론,045300
성우하이텍,015750
성창기업지주,000180
성창오토텍,080470
성호전자,043260
세기상사,002420
세동,053060
세명전기,017510
세미콘라이트,214310
일신방직,003200
일신석재,007110
일야,058450
일양약품,007570
일양약품우,007575
일정실업,008500
일지테크,019540
일진다이아,081000
일진디스플,020760
일진머티리얼즈,020150
일진전기,103590
일진파워,094820
일진홀딩스,015860
잇츠한불,226320
잉글우드랩,950140
잉크테크,049550
자비스,230400
자연과환경,043910
자이글,234920
자화전자,033240
장원테크,174880
재영솔루텍,049630
전방,000950
전우정밀,120780
전파기지국,065530
정다운,208140
정산애강,022220
정상제이엘에스,040420
정원엔시스,045510
제낙스,065620
제너셈,217190
제넥신,095700
제노레이,122310
제노텍,066830
제노포커스,187420
제놀루션,225220
제닉,123330
제로투세븐,159580
제룡산업,147830
제룡전기,033100
제미니투자,019570
제우스,079370
제이브이엠,054950
제이스테판,096690
제이스텍,090470
제이씨케미칼,137950
제이씨현시스템,033320
제이에스코퍼레이션,194370
제이에스티나,026040
제이에스피브이,250300
제이엔케이히터,126880
제이엠아이,033050
제이엠티,094970
제이웨이,058420
제이준코스메틱,025620
제이콘텐트리,036420
제이티,089790
제일기획,030000
제일바이오,052670
제일약품,271980
제일연마,001560
제일제강,023440
제일테크노스,038010
제일파마홀딩스,002620
제주반도체,080220
제주은행,006220
제주항공,089590
젠큐릭스,229000
젬백스,082270
조광ILI,044060
조광페인트,004910
조광피혁,004700
조비,001550
조선내화,000480
조선선재,120030
조아제약,034940
조이맥스,101730
조이시티,067000
조일알미늄,018470
조흥,002600
종근당,185750
종근당바이오,063160
종근당홀딩스,001630
좋은사람들,033340
주노콜렉션,221670
주성엔지니어링,036930
주연테크,044380
줌인터넷,229480
중앙리빙테크,051980
중앙백신,072020
중앙에너비스,000440
중앙오션,054180
지노믹트리,228760
지니뮤직,043610
지니언스,263860
지란지교시큐리티,208350
지스마트글로벌,114570
지앤이바이오텍,299480
지어소프트,051160
지에스이,053050
지엔씨에너지,119850
지엔코,065060
지엘팜텍,204840
지엠비코리아,013870
지엠피,018290
지역난방공사,071320
지오씨,135160
지와이커머스,111820
지코,010580
지투알,035000
지트리비앤티,115450
지티지웰니스,219750
진도,088790
진로발효,018120
진매트릭스,109820
진바이오텍,086060
진성티이씨,036890
진양산업,003780
진양제약,007370
진양폴리,010640
진양홀딩스,100250
진양화학,051630
진에어,272450
진원생명과학,011000
진흥기업,002780
진흥기업2우B,002787
진흥기업우B,002785
차바이오텍,085660
차이나그레이트,900040
차이나하오란,900090
참엔지니어링,009310
참좋은여행,094850
창해에탄올,004650
천일고속,000650
청광종건,140290
청담러닝,096240
청보산업,013720
청호컴넷,012600
체리부로,066360
체시스,033250
초록뱀,047820
칩스앤미디어,094360
카스,016920
카이노스메드,220250
카카오,035720
카페24,042000
카프로,006380
캐스텍코리아,071850
캔서롭,180400
캠시스,050110
컨버즈,109070
컬러레이,900310
컴투스,078340
케미메디,205290
케어랩스,263700
케어젠,214370
케이디 네이쳐 엔 바이오,072520
케이디켐,221980
케이맥,043290
케이비제10호스팩,250930
케이비제11호스팩,258790
케이사인,192250
케이씨,029460
케이씨에스,115500
케이씨텍,281820
케이씨티,089150
케이씨피드,025880
케이아이엔엑스,093320
케이에스피,073010
케이엔더블유,105330
케이엘넷,039420
케이엠,083550
케이엠더블유,032500
케이엠제약,225430
케이탑리츠,145270
케이티스,058860
케이프,064820
케이피에스,256940
케이피에프,024880
케이피엠테크,042040
케이피티유,054410
켐온,217600
켐트로닉스,089010
켐트로스,220260
코나아이,052400
코닉글로리,094860
코다코,046070
코데즈컴바인,047770
코디,080530
코디엠,224060
코렌,078650
코렌텍,104540
코리아나,027050
코리아써우,007815
코리아써키트,007810
코리아써키트2우B,00781K
코리아에스이,101670
코리아에프티,123410
코리아오토글라스,152330
코리안리,003690
코맥스,036690
코메론,049430
코미코,183300
코미팜,041960
코세스,089890
코센,009730
코셋,189350
코스맥스,192820
코스맥스비티아이,044820
코스메카코리아,241710
코스모신소재,005070
코스모화학,005420
코스온,069110
코아스,071950
코아스템,166480
코아시아홀딩스,045970
코엔텍,029960
코오롱,002020
코오롱글로벌,003070
코오롱글로벌우,003075
코오롱머티리얼,144620
코오롱생명과학,102940
코오롱우,002025
코오롱인더,120110
코오롱인더우,120115
코오롱티슈진(Reg.S),950160
코오롱플라스틱,138490
코웨이,021240
코웰패션,033290
코위버,056360
코이즈,121850
코콤,015710
코텍,052330
코프라,126600
콜마비앤에이치,200130
콤텍시스템,031820
쿠첸,225650
쿠쿠홀딩스,192400
쿠쿠홈시스,284740
큐렉소,060280
큐로,015590
큐로컴,040350
큐로홀딩스,051780
큐리언트,115180
큐브엔터,182360
큐에스아이,066310
큐엠씨,136660
큐캐피탈,016600
크라운제과,264900
크라운제과우,26490K
크라운해태홀딩스,005740
크라운해태홀딩스우,005745
크로넥스,215570
크로바하이텍,043590
크루셜텍,114120
크리스에프앤씨,110790
크리스탈,083790
크리스탈신소재,900250
크린앤사이언스,045520
클래시스,214150
클리오,237880
키다리스튜디오,020120
키움증권,039490
키위미디어그룹,012170
키이스트,054780
타이거일렉,219130
탑선,180060
탑엔지니어링,065130
태경산업,015890
태경화학,006890
태광,023160
태광산업,003240
태림포장,011280
태양,053620
태양금속,004100
태양금속우,004105
태양기계,116100
태영건설,009410
태영건설우,009415
태웅,044490
태원물산,001420
태평양물산,007980
테고사이언스,191420
테라셈,182690
테라젠이텍스,066700
테스,095610
테스나,131970
테이팩스,055490
테크윙,089030
테크트랜스,258050
텔레칩스,054450
텔레필드,091440
텔루스,196450
텔코웨어,078000
텔콘RF제약,200230
토니모리,214420
토박스코리아,215480
토비스,051360
토탈소프트,045340
토필드,057880
톱텍,108230
투비소프트,079970
툴젠,199800
트러스제7호,140890
트루윈,105550
특수건설,026150
티비씨,033830
티씨엠생명과학,228180
티씨케이,064760
티에스아이,277880
티에스이,131290
티에스인베스트먼트,246690
티에이치엔,019180
티엘아이,062860
티웨이항공,091810
티웨이홀딩스,004870
티케이씨,191600
티케이케미칼,104480
티플랙스,081150
티피씨글로벌,130740
틸론,217880
팅크웨어,084730
파나진,046210
파라다이스,034230
파라텍,033540
파루,043200
파마리서치바이오,217950
파마리서치프로덕트,214450
파미셀,005690
파버나인,177830
파세코,037070
파수닷컴,150900
파워넷,037030
파워로직스,047310
파워풀엑스,266870
파이오링크,170790
파인디앤씨,049120
파인디지털,038950
파인이엠텍,278990
파인테크닉스,106240
파인텍,131760
파크시스템스,140860
파트론,091700
파티게임즈,194510
팍스넷,038160
판도라티비,202960
판타지오,032800
팜스웰바이오,043090
팜스코,036580
팜스토리,027710
패션플랫폼,225590
팬스타엔터프라이즈,054300
팬엔터테인먼트,068050
팬오션,028670
팬젠,222110
퍼스텍,010820
퍼시스,016800
퍼시픽바이오,060900
펄어비스,263750
페이퍼코리아,001020
펩트론,087010
평화산업,090080
평화정공,043370
평화홀딩스,010770
포메탈,119500
포비스티앤씨,016670
포스링크,056730
포스코 ICT,022100
포스코강판,058430
포스코대우,047050
포스코엠텍,009520
포스코켐텍,003670
포시에스,189690
포인트엔지니어링,176560
포티스,141020
폴루스바이오팜,007630
푸드나무,290720
푸드웰,005670
푸른기술,094940
푸른저축은행,007330
풀무원,017810
풍강,093380
풍국주정,023900
풍산,103140
풍산홀딩스,005810
퓨전데이타,195440
퓨쳐스트림네트웍스,214270
퓨쳐켐,220100
프럼파스트,035200
프로스테믹스,203690
프로텍,053610
프리엠스,053160
플랜티넷,075130
플럼라인생명과학,222670
플레이위드,023770
피노텍,150440
피델릭스,032580
피씨디렉트,051380
피씨엘,241820
피앤씨테크,237750
피앤이솔루션,131390
피앤텔,054340
피에스엠씨,024850
피에스케이,031980
피에스텍,002230
피엔아이컴퍼니,242350
피엔에이치테크,239890
피엔티,137400
피엠지파마,073570
피제이메탈,128660
피제이전자,006140
픽셀플러스,087600
필룩스,033180
필링크,064800
필옵틱스,161580
하나금융10호스팩,270520
하나금융11호스팩,284620
하나금융7호스팩,230240
하나금융9호스팩,261200
하나금융지주,086790
하나니켈1호,099340
하나니켈2호,099350
하나마이크론,067310
하나머티리얼즈,166090
하나제약,293480
하나투어,039130
하림,136480
하림지주,003380
하우동천,233990
하이골드12호,172580
하이골드3호,153360
하이골드8호,159650
하이로닉,149980
하이록코리아,013030
하이비젼시스템,126700
하이셈,200470
하이스틸,071090
하이즈항공,221840
하이텍팜,106190
하이트론,019490
하이트진로,000080
하이트진로2우B,000087
하이트진로홀딩스,000140
하이트진로홀딩스우,000145
하츠,066130
한국4호스팩,240540
한국ANKOR유전,152550
한국가구,004590
한국가스공사,036460
한국경제TV,039340
한국공항,005430
한국금융지주,071050
한국금융지주우,071055
한국기업평가,034950
한국내화,010040
한국단자,025540
한국맥널티,222980
한국비엔씨,226610
한국석유,004090
한국선재,025550
한국쉘석유,002960
한국알콜,017890
한국유니온제약,080720
한국유리,002000
한국유리우,002005
한국자산신탁,123890
한국전력,015760
한국전자금융,063570
한국전자인증,041460
한국전자홀딩스,006200
한국정밀기계,101680
한국정보공학,039740
한국정보인증,053300
한국정보통신,025770
한국제5호스팩,271740
한국제6호스팩,281410
한국제7호스팩,291210
한국제지,002300
한국종합기술,023350
한국주강,025890
한국주철관,000970
한국철강,104700
한국카본,017960
한국캐피탈,023760
한국컴퓨터,054040
한국코퍼레이션,050540
한국콜마,161890
한국콜마홀딩스,024720
한국큐빅,021650
한국타이어,161390
한국타이어월드와이드,000240
한국테크놀로지,053590
한국토지신탁,034830
한국특수형강,007280
한국패러랠,168490
한국팩키지,037230
한국프랜지,010100
한국항공우주,047810
한국화장품,123690
한국화장품제조,003350
한글과컴퓨터,030520
한네트,052600
한농화성,011500
한독,002390
한라,014790
한라IMS,092460
한라홀딩스,060980
한미글로벌,053690
한미반도체,042700
한미사이언스,008930
한미약품,128940
한빛소프트,047080
한샘,009240
한섬,020000
한성기업,003680
한세실업,105630
한세엠케이,069640
한세예스24홀딩스,016450
한솔PNS,010420
한솔로지스틱스,009180
한솔시큐어,070300
한솔씨앤피,221610
한솔인티큐브,070590
한솔제지,213500
한솔케미칼,014680
한솔테크닉스,004710
한솔홀딩스,004150
한솔홈데코,025750
한송네오텍,226440
한스바이오메드,042520
한신공영,004960
한신기계,011700
한양디지텍,078350
한양이엔지,045100
한양증권,001750
한양증권우,001755
한온시스템,018880
한올바이오파마,009420
한익스프레스,014130
한일네트웍스,046110
한일단조,024740
한일사료,005860
한일시멘트,300720
한일진공,123840
한일철강,002220
한일현대시멘트,006390
한일홀딩스,003300
한일화학,007770
한전KPS,051600
한전기술,052690
한전산업,130660
한중엔시에스,107640
한진,002320
한진중공업,097230
한진중공업홀딩스,003480
한진칼,180640
한진칼우,18064K
한창,005110
한창산업,079170
한창제지,009460
한컴MDS,086960
한컴시큐어,054920
한컴유니맥스,215090
한컴지엠디,077280
한탑,002680
한프,066110
한화,000880
한화3우B,00088K
한화갤러리아타임월드,027390
한화생명,088350
한화손해보험,000370
한화수성스팩,265920
한화에어로스페이스,012450
한화에이스스팩3호,264290
한화에이스스팩4호,279410
한화우,000885
한화케미칼,009830
한화케미칼우,009835
한화투자증권,003530
한화투자증권우,003535
해덕파워웨이,102210
해마로푸드서비스,220630
해성디에스,195870
해성산업,034810
해성옵틱스,076610
해태제과식품,101530
핸디소프트,220180
핸즈코퍼레이션,143210
행남사,008800
헝셩그룹,900270
현대건설,000720
현대건설기계,267270
현대건설우,000725
현대공업,170030
현대그린푸드,005440
현대글로비스,086280
현대로템,064350
현대리바트,079430
현대모비스,012330
현대미포조선,010620
현대바이오,048410
현대백화점,069960
현대비앤지스틸,004560
현대비앤지스틸우,004565
현대사료,016790
현대상사,011760
현대상선,011200
현대약품,004310
현대에이치씨엔,126560
현대엘리베이,017800
현대위아,011210
현대일렉트릭,267260
현대정보기술,026180
현대제철,004020
현대중공업,009540
현대중공업지주,267250
현대차,005380
현대차2우B,005387
현대차3우B,005389
현대차우,005385
현대차증권,001500
현대코퍼레이션홀딩스,227840
현대통신,039010
현대해상,001450
현대홈쇼핑,057050
현성바이탈,204990
현우산업,092300
현진소재,053660
형지I&C,011080
형지엘리트,093240
혜인,003010
호전실업,111110
호텔신라,008770
호텔신라우,008775
홈센타홀딩스,060560
홈캐스트,064240
화성밸브,039610
화성산업,002460
화승알앤에이,013520
화승엔터프라이즈,241590
화승인더,006060
화신,010690
화신정공,126640
화신테크,086250
화이브라더스코리아,204630
화인베스틸,133820
화일약품,061250
화진,134780
화천기계,010660
화천기공,000850
환인제약,016580
황금에스티,032560
효성,004800
효성ITX,094280
효성오앤비,097870
효성중공업,298040
효성첨단소재,298050
효성티앤씨,298020
효성화학,298000
후성,093370
휘닉스소재,050090
휠라코리아,081660
휴네시온,290270
신세계푸드,031440